File name,50 bytes,File size (bytes)
File001,4d 5a 90 00 03 00 00 00 04 00 00 00 ff ff 00 00 b8 00 00 00 00 00 00 00 40 00 00 00 00 00 00 00 00 00 00 00 00 00 00 00 00 00 00 00 00 00 00 00 00 00,10768
File002,ef bb bf 3c 23 0a 2e 53 59 4e 4f 50 53 49 53 0a 09 49 6e 73 74 61 6c 6c 73 20 5a 6f 6f 6d 0a 2e 44 45 53 43 52 49 50 54 49 4f 4e 0a 09 54 68 69 73 20,556
File003,43 6f 70 79 72 69 67 68 74 20 28 63 29 20 5b 79 65 61 72 5d 20 5b 66 75 6c 6c 6e 61 6d 65 5d 0d 0a 0d 0a 54 68 65 20 55 6e 69 76 65 72 73 61 6c 20 50,1855
File004,40 65 63 68 6f 20 6f 66 66 0d 0a 73 65 74 20 2f 61 20 6c 69 6e 65 3d 25 72 61 6e 64 6f 6d 25 20 25 25 20 35 20 2b 20 31 0d 0a 66 6f 72 20 2f 66 20 22,149
File005,4d 5a 90 00 03 00 00 00 04 00 00 00 ff ff 00 00 b8 00 00 00 00 00 00 00 40 00 00 00 00 00 00 00 00 00 00 00 00 00 00 00 00 00 00 00 00 00 00 00 00 00,2560
File006,50 4b 03 04 0a 00 00 00 00 00 00 00 21 00 ff ff ff ff 11 02 00 00 11 02 00 00 10 00 00 00 5b 74 72 61 73 68 5d 2f 30 30 30 30 2e 64 61 74 ff ff ff ff,4319474
File007,50 4b 03 04 14 00 06 00 08 00 00 00 21 00 d4 a2 46 3f d9 01 00 00 ec 09 00 00 13 00 d3 01 5b 43 6f 6e 74 65 6e 74 5f 54 79 70 65 73 5d 2e 78 6d 6c 20,1013332
File008,89 50 4e 47 0d 0a 1a 0a 00 00 00 0d 4c 45 4e 5a 00 00 03 88 00 00 04 ec 08 06 00 00 00 c2 72 ac 0c 00 01 00 00 49 44 41 54 78 9c ec fd 79 9c 6d d9 75,1617304
File009,89 50 4e 47 0d 0a 1a 0a 00 00 00 0d 49 48 44 52 00 00 03 88 00 00 04 ec 08 06 00 00 00 c2 72 ac 0c 00 01 00 00 49 44 41 54 78 9c ec fd 59 93 24 39 92,1726586
File010,50 4b 03 04 14 00 06 00 08 00 00 00 21 00 3c f3 21 f4 57 02 00 00 9f 16 00 00 13 00 c0 01 5b 43 6f 6e 74 65 6e 74 5f 54 79 70 65 73 5d 2e 78 6d 6c 20,4155280
File011,50 4b 03 04 0a 00 00 00 00 00 00 00 21 00 ff ff ff ff 0f 02 00 00 0f 02 00 00 10 00 00 00 5b 74 72 61 73 68 5d 2f 30 30 30 30 2e 64 61 74 ff ff ff ff,12996644
File012,50 4b 03 04 14 00 06 00 08 00 00 00 21 00 04 e8 63 06 f7 01 00 00 9b 0a 00 00 13 00 08 02 5b 43 6f 6e 74 65 6e 74 5f 54 79 70 65 73 5d 2e 78 6d 6c 20,28659
File013,ef bb bf 3c 23 0a 2e 53 59 4e 4f 50 53 49 53 0a 09 50 72 69 6e 74 73 20 74 68 65 20 4d 44 35 20 63 68 65 63 6b 73 75 6d 20 6f 66 20 61 20 66 69 6c 65,814
File014,50 4b 03 04 14 00 06 00 08 00 00 00 21 00 e4 a7 b0 6f eb 01 00 00 35 0d 00 00 13 00 08 02 5b 43 6f 6e 74 65 6e 74 5f 54 79 70 65 73 5d 2e 78 6d 6c 20,3050393
File015,40 65 63 68 6f 20 6f 66 66 0d 0a 73 65 74 20 2f 61 20 63 6f 75 6e 74 3d 25 72 61 6e 64 6f 6d 25 20 25 25 20 32 30 20 2b 20 31 0d 0a 65 63 68 6f 20 47,164
File016,40 65 63 68 6f 20 6f 66 66 0d 0a 73 65 74 20 2f 61 20 68 65 78 3d 25 72 61 6e 64 6f 6d 25 20 25 25 20 32 35 35 0d 0a 73 65 74 20 2f 61 20 68 65 78 32,87
File017,50 4b 03 04 0a 00 00 00 00 00 00 00 21 00 ff ff ff ff 0d 02 00 00 0d 02 00 00 10 00 00 00 5b 74 72 61 73 68 5d 2f 30 30 30 30 2e 64 61 74 ff ff ff ff,4810789
File018,25 50 44 46 2d 31 2e 35 0a 25 f6 e4 fc df 0a 31 20 30 20 6f 62 6a 0a 3c 3c 0a 2f 54 79 70 65 20 2f 43 61 74 61 6c 6f 67 0a 2f 50 61 67 65 73 20 32 20,407134
File019,89 50 4e 47 0d 0a 1a 0a 00 00 00 0d 49 48 44 52 00 00 03 88 00 00 04 ec 08 06 00 00 00 c2 72 ac 0c 00 01 00 00 49 44 41 54 78 9c ec fd 79 b0 25 d7 79,1651234
File020,41 00 74 00 74 00 72 00 69 00 62 00 75 00 74 00 69 00 6f 00 6e 00 20 00 34 00 2e 00 30 00 20 00 49 00 6e 00 74 00 65 00 72 00 6e 00 61 00 74 00 69 00,38102
File021,20 20 20 20 20 20 20 20 20 20 20 20 20 20 20 20 20 20 20 20 47 4e 55 20 41 46 46 45 52 4f 20 47 45 4e 45 52 41 4c 20 50 55 42 4c 49 43 20 4c 49 43 45,35182
File022,25 50 44 46 2d 31 2e 37 0a 25 f6 e4 fc df 0a 31 20 30 20 6f 62 6a 0a 3c 3c 0a 2f 50 61 67 65 73 20 32 20 30 20 52 0a 2f 54 79 70 65 20 2f 43 61 74 61,185443
File023,49 44 33 00 01 01 00 00 00 08 00 10 00 ff ff 08 00 00 01 00 00 00 00 00 00 40 00 00 00 00 00 00 00 00 00 00 00 00 00 00 00 00 00 00 00 00 00 00 00 00,686849
File024,4d 5a 90 00 03 00 00 00 04 00 00 00 ff ff 00 00 b8 00 00 00 00 00 00 00 40 00 00 00 00 00 00 00 00 00 00 00 00 00 00 00 00 00 00 00 00 00 00 00 00 00,3072
File025,4d 5a 90 00 03 00 00 00 04 00 00 00 ff ff 00 00 b8 00 00 00 00 00 00 00 40 00 00 00 00 00 00 00 00 00 00 00 00 00 00 00 00 00 00 00 00 00 00 00 00 00,23832
File026,20 20 20 20 20 20 20 20 20 20 20 20 20 20 20 20 20 20 20 20 47 4e 55 20 47 45 4e 45 52 41 4c 20 50 55 42 4c 49 43 20 4c 49 43 45 4e 53 45 0d 0a 20 20,35821
File027,4d 5a 90 00 03 00 00 00 04 00 00 00 ff ff 00 00 b8 00 00 00 00 00 00 00 40 00 00 00 00 00 00 00 00 00 00 00 00 00 00 00 00 00 00 00 00 00 00 00 00 00,3584
File028,40 65 63 68 6f 20 6f 66 66 0d 0a 73 65 74 20 2f 61 20 64 69 65 31 3d 25 72 61 6e 64 6f 6d 25 20 25 25 20 36 20 2b 20 31 0d 0a 73 65 74 20 2f 61 20 64,109
File029,40 65 63 68 6f 20 6f 66 66 0d 0a 66 6f 72 20 2f 66 20 22 74 6f 6b 65 6e 73 3d 31 2d 34 20 64 65 6c 69 6d 73 3d 2f 20 22 20 25 25 61 20 69 6e 20 28 22,273
File030,50 4b 03 04 0a 00 00 00 00 00 00 00 21 00 ff ff ff ff 64 02 00 00 64 02 00 00 10 00 00 00 5b 74 72 61 73 68 5d 2f 30 30 30 30 2e 64 61 74 ff ff ff ff,5379567
File031,50 4b 03 04 14 00 06 00 08 00 00 00 21 00 98 84 f0 a8 eb 01 00 00 22 0a 00 00 13 00 ca 01 5b 43 6f 6e 74 65 6e 74 5f 54 79 70 65 73 5d 2e 78 6d 6c 20,59159
File032,50 4b 03 04 14 00 06 00 08 00 00 00 21 00 e6 79 a3 97 ba 01 00 00 7d 0d 00 00 13 00 08 02 5b 43 6f 6e 74 65 6e 74 5f 54 79 70 65 73 5d 2e 78 6d 6c 20,176259
File033,43 44 30 30 14 00 06 00 08 00 00 00 21 00 aa f7 58 a4 79 01 00 00 14 06 00 00 13 00 08 02 5b 43 6f 6e 74 65 6e 74 5f 54 79 70 65 73 5d 2e 78 6d 6c 20,31332
File034,40 65 63 68 6f 20 6f 66 66 0d 0a 73 65 74 20 2f 61 20 6e 75 6d 3d 25 72 61 6e 64 6f 6d 25 20 25 25 20 31 30 30 30 30 0d 0a 65 63 68 6f 20 59 6f 75 72,77
File035,50 4b 03 04 14 00 00 00 08 00 00 00 21 00 61 0d d4 92 42 02 00 00 75 14 00 00 13 00 00 00 5b 43 6f 6e 74 65 6e 74 5f 54 79 70 65 73 5d 2e 78 6d 6c cc,3097388
File036,89 50 4e 47 0d 0a 1a 0a 00 00 00 0d 49 48 44 52 00 00 03 88 00 00 04 ec 08 06 00 00 00 c2 72 ac 0c 00 01 00 00 49 44 41 54 78 9c ec fd 69 b0 65 59 76,1417519
File037,50 4b 03 04 0a 00 00 00 00 00 00 00 21 00 ff ff ff ff 35 02 00 00 35 02 00 00 10 00 00 00 5b 74 72 61 73 68 5d 2f 30 30 30 30 2e 64 61 74 ff ff ff ff,266343
File038,43 44 30 30 31 2e 36 0a 25 f6 e4 fc df 0a 31 20 30 20 6f 62 6a 0a 3c 3c 0a 2f 4d 65 74 61 64 61 74 61 20 32 20 30 20 52 0a 2f 4c 61 6e 67 20 28 65 6e,5125758
File039,ef bb bf 3c 23 0a 2e 53 59 4e 4f 50 53 49 53 0a 09 49 6e 73 74 61 6c 6c 73 20 44 69 73 63 6f 72 64 0a 2e 44 45 53 43 52 49 50 54 49 4f 4e 0a 09 54 68,608
File040,40 65 63 68 6f 20 6f 66 66 0d 0a 73 65 74 20 69 6e 70 75 74 3d 68 65 6c 6c 6f 0d 0a 73 65 74 20 72 65 76 65 72 73 65 64 3d 0d 0a 66 6f 72 20 2f 6c 20,168
File041,89 50 4e 47 0d 0a 1a 0a 00 00 00 0d 49 48 44 52 00 00 03 88 00 00 04 ec 08 06 00 00 00 c2 72 ac 0c 00 01 00 00 49 44 41 54 78 9c ec fd e9 92 24 4b 92,1640375
File042,4d 5a 90 00 03 00 00 00 04 00 00 00 ff ff 00 00 b8 00 00 00 00 00 00 00 40 00 00 00 00 00 00 00 00 00 00 00 00 00 00 00 00 00 00 00 00 00 00 00 00 00,11280
File043,50 4b 03 04 14 00 02 00 08 00 4a 24 76 59 fb 70 55 3b 11 53 00 00 49 4e 03 00 11 00 11 00 77 6f 72 64 2f 64 6f 63 75 6d 65 6e 74 2e 78 6d 6c 55 54 0d,106799
File044,40 65 63 68 6f 20 6f 66 66 0d 0a 73 65 74 6c 6f 63 61 6c 20 65 6e 61 62 6c 65 64 65 6c 61 79 65 64 65 78 70 61 6e 73 69 6f 6e 0d 0a 73 65 74 20 77 6f,229
File045,ff d8 ff e1 00 10 4a 46 49 46 00 01 01 00 00 01 00 01 00 00 ff db 00 43 00 08 06 06 07 06 05 08 07 07 07 09 09 08 0a 0c 14 0d 0c 0b 0b 0c 19 12 13 0f,137878
File046,4d 5a 00 01 01 00 00 00 08 00 10 00 ff ff 08 00 00 01 00 00 00 00 00 00 40 00 00 00 00 00 00 00 00 00 00 00 00 00 00 00 00 00 00 00 00 00 00 00 00 00,80947
File047,4d 5a 90 00 03 00 00 00 04 00 00 00 ff ff 00 00 b8 00 00 00 00 00 00 00 40 00 00 00 00 00 00 00 00 00 00 00 00 00 00 00 00 00 00 00 00 00 00 00 00 00,1082258
File048,ef bb bf 3c 23 0a 2e 53 59 4e 4f 50 53 49 53 0a 09 50 72 69 6e 74 73 20 74 68 65 20 53 48 41 31 20 68 61 73 68 20 6f 66 20 61 20 66 69 6c 65 0a 2e 44,831
File049,ef bb bf 3c 23 0a 2e 53 59 4e 4f 50 53 49 53 0a 09 49 6e 73 74 61 6c 6c 73 20 62 61 73 69 63 20 61 70 70 73 0a 2e 44 45 53 43 52 49 50 54 49 4f 4e 0a,1804
File050,40 65 63 68 6f 20 6f 66 66 0d 0a 73 65 74 20 2f 61 20 63 6f 6c 6f 72 3d 25 72 61 6e 64 6f 6d 25 20 25 25 20 31 36 0d 0a 63 6f 6c 6f 72 20 25 63 6f 6c,86
File051,4d 5a 90 00 03 00 00 00 04 00 00 00 ff ff 00 00 b8 00 00 00 00 00 00 00 40 00 00 00 00 00 00 00 00 00 00 00 00 00 00 00 00 00 00 00 00 00 00 00 00 00,716249
File052,ff d8 ff e0 00 10 4a 46 49 46 00 01 01 00 00 01 00 01 00 00 ff db 00 43 00 08 06 06 07 06 05 08 07 07 07 09 09 08 0a 0c 14 0d 0c 0b 0b 0c 19 12 13 0f,146273
File053,ff d8 ff e0 00 10 4a 46 49 46 00 01 01 00 00 01 00 01 00 00 ff db 00 43 00 08 06 06 07 06 05 08 07 07 07 09 09 08 0a 0c 14 0d 0c 0b 0b 0c 19 12 13 0f,173909
File054,ef bb bf 3c 23 0a 2e 53 59 4e 4f 50 53 49 53 0a 09 49 6e 73 74 61 6c 6c 73 20 47 69 74 20 66 6f 72 20 57 69 6e 64 6f 77 73 0a 2e 44 45 53 43 52 49 50,628
File055,43 44 30 30 14 00 06 00 08 00 00 00 21 00 a9 90 c0 ad 7b 03 00 00 d3 10 00 00 14 00 00 00 70 70 74 2f 70 72 65 73 65 6e 74 61 74 69 6f 6e 2e 78 6d 6c,844097
File056,50 4b 03 04 0a 00 00 00 00 00 00 00 21 00 ff ff ff ff f3 01 00 00 f3 01 00 00 10 00 00 00 5b 74 72 61 73 68 5d 2f 30 30 30 30 2e 64 61 74 ff ff ff ff,340390
File057,ef bb bf 3c 23 0a 2e 53 59 4e 4f 50 53 49 53 0a 09 45 6e 61 62 6c 65 73 20 74 68 65 20 67 6f 64 20 6d 6f 64 65 0a 2e 44 45 53 43 52 49 50 54 49 4f 4e,691
File058,20 00 20 00 20 00 20 00 20 00 20 00 20 00 20 00 20 00 20 00 20 00 20 00 20 00 20 00 20 00 20 00 20 00 20 00 20 00 20 00 20 00 20 00 20 00 20 00 20 00,23112
File059,89 50 4e 47 0d 0a 1a 0a 00 00 00 0d 49 48 44 52 00 00 03 88 00 00 04 ec 08 06 00 00 00 c2 72 ac 0c 00 01 00 00 49 44 41 54 78 9c ec fd e9 b3 6d 49 76,1720207
File060,4d 5a 90 00 03 00 00 00 04 00 00 00 ff ff 00 00 b8 00 00 00 00 00 00 00 40 00 00 00 00 00 00 00 00 00 00 00 00 00 00 00 00 00 00 00 00 00 00 00 00 00,3072
File061,40 65 63 68 6f 20 6f 66 66 0d 0a 73 65 74 20 2f 61 20 64 65 6c 61 79 3d 25 72 61 6e 64 6f 6d 25 20 25 25 20 35 20 2b 20 31 0d 0a 74 69 6d 65 6f 75 74,106
File062,4d 5a 90 00 03 00 00 00 04 00 00 00 ff ff 00 00 b8 00 00 00 00 00 00 00 40 00 00 00 00 00 00 00 00 00 00 00 00 00 00 00 00 00 00 00 00 00 00 00 00 00,11272
File063,49 44 33 31 2e 34 0d 25 80 84 88 8c 90 94 98 9c a0 a4 a8 ac b0 b4 b8 bc c0 c4 c8 cc d0 d4 d8 dc e0 e4 e8 ec f0 f4 f8 fc 0d 0d 31 20 30 20 6f 62 6a 0d,1962050
File064,5b 4c 6f 63 61 6c 69 7a 65 64 46 69 6c 65 4e 61 6d 65 73 5d 0d 0a 62 69 6f 63 68 65 6d 5f 6d 65 64 2d 32 33 2d 32 2d 31 34 33 2d 33 2e 70 64 66 3d 40,2138
File065,49 53 43 20 4c 69 63 65 6e 73 65 0d 0a 0d 0a 43 6f 70 79 72 69 67 68 74 20 28 63 29 20 5b 79 65 61 72 5d 20 5b 66 75 6c 6c 6e 61 6d 65 5d 0d 0a 0d 0a,756
File066,25 50 44 46 2d 31 2e 37 0a 25 e2 e3 cf d3 0a 36 20 30 20 6f 62 6a 0a 3c 3c 2f 46 69 6c 74 65 72 2f 46 6c 61 74 65 44 65 63 6f 64 65 2f 4c 65 6e 67 74,3259060
File067,4d 5a 93 00 03 00 00 00 20 00 00 00 ff ff 07 00 00 01 65 40 00 00 00 00 40 00 00 00 01 00 00 00 00 00 00 00 00 00 00 00 00 00 00 00 00 00 00 00 00 00,366608
File068,89 50 4e 47 0d 0a 1a 0a 00 00 00 0d 49 48 44 52 00 00 03 88 00 00 04 ec 08 06 00 00 00 c2 72 ac 0c 00 01 00 00 49 44 41 54 78 9c ec fd 59 af 24 4b 92,1485481
File069,89 50 4e 47 0d 0a 1a 0a e0 00 10 4a 46 49 46 00 01 01 00 00 01 00 01 00 00 ff db 00 43 00 08 06 06 07 06 05 08 07 07 07 09 09 08 0a 0c 14 0d 0c 0b 0b,170993
File070,89 50 4e 47 0d 0a 1a 0a 00 00 00 0d 49 48 44 52 00 00 03 88 00 00 04 ec 08 06 00 00 00 c2 72 ac 0c 00 01 00 00 49 44 41 54 78 9c ec fd 49 b3 65 4b 76,1645439
File071,4d 5a 90 00 03 00 00 00 04 00 00 00 ff ff 00 00 b8 00 00 00 00 00 00 00 40 00 00 00 00 00 00 00 00 00 00 00 00 00 00 00 00 00 00 00 00 00 00 00 00 00,11792
File072,89 50 4e 47 0d 0a 1a 0a 00 00 00 0d 49 48 44 52 00 00 03 88 00 00 04 ec 08 06 00 00 00 c2 72 ac 0c 00 01 00 00 49 44 41 54 78 9c ec fd 69 97 25 c9 71,1655833
File073,ff d8 ff e0 00 10 4a 46 49 46 00 01 01 00 00 01 00 01 00 00 ff db 00 43 00 08 06 06 07 06 05 08 07 07 07 09 09 08 0a 0c 14 0d 0c 0b 0b 0c 19 12 13 0f,157801
File074,50 4b 03 04 0a 00 00 00 00 00 00 00 21 00 ff ff ff ff 2d 02 00 00 2d 02 00 00 10 00 00 00 5b 74 72 61 73 68 5d 2f 30 30 30 30 2e 64 61 74 ff ff ff ff,7213107
File075,4d 5a 90 00 03 00 00 00 04 00 00 00 ff ff 00 00 b8 00 00 00 00 00 00 00 40 00 00 00 00 00 00 00 00 00 00 00 00 00 00 00 00 00 00 00 00 00 00 00 00 00,341331
File076,50 4b 03 04 14 00 08 08 08 00 ab 0b 76 59 00 00 00 00 00 00 00 00 00 00 00 00 10 00 00 00 77 6f 72 64 2f 68 65 61 64 65 72 31 2e 78 6d 6c cd 96 db 8e,115731
File077,ef bb bf 3c 23 0a 2e 53 59 4e 4f 50 53 49 53 0a 09 49 6e 73 74 61 6c 6c 73 20 43 68 72 6f 6d 65 0a 2e 44 45 53 43 52 49 50 54 49 4f 4e 0a 09 54 68 69,603
File078,ff d8 ff e0 00 10 4a 46 49 46 00 01 01 00 00 01 00 01 00 00 ff db 00 43 00 08 06 06 07 06 05 08 07 07 07 09 09 08 0a 0c 14 0d 0c 0b 0b 0c 19 12 13 0f,160610
File079,ff fb 90 00 03 00 00 00 04 00 00 00 ff ff 00 00 b8 00 00 00 00 00 00 00 40 00 00 00 00 00 00 00 00 00 00 00 00 00 00 00 00 00 00 00 00 00 00 00 00 00,339655
File080,4d 5a 90 00 03 00 00 00 04 00 00 00 ff ff 00 00 b8 00 00 00 00 00 00 00 40 00 00 00 00 00 00 00 00 00 00 00 00 00 00 00 00 00 00 00 00 00 00 00 00 00,11792
File081,4d 5a 90 00 03 00 00 00 04 00 00 00 ff ff 00 00 b8 00 00 00 00 00 00 00 40 00 00 00 00 00 00 00 00 00 00 00 00 00 00 00 00 00 00 00 00 00 00 00 00 00,3072
File082,40 65 63 68 6f 20 6f 66 66 0d 0a 73 65 74 20 70 61 74 68 73 3d 43 3a 5c 57 69 6e 64 6f 77 73 5c 20 43 3a 5c 55 73 65 72 73 5c 20 43 3a 5c 50 72 6f 67,147
File083,40 65 63 68 6f 20 6f 66 66 0d 0a 73 65 74 20 2f 61 20 6e 75 6d 3d 25 72 61 6e 64 6f 6d 25 20 25 25 20 32 36 20 2b 20 36 35 0d 0a 66 6f 72 20 2f 66 20,124
File084,25 50 44 46 2d 31 2e 33 0a 25 e2 e3 cf d3 0a 31 20 30 20 6f 62 6a 0a 3c 3c 0a 2f 54 79 70 65 20 2f 50 61 67 65 73 0a 2f 43 6f 75 6e 74 20 33 33 0a 2f,417316
File085,50 4b 03 04 14 00 06 00 08 00 00 00 21 00 b5 cf 3e 7b 02 01 00 00 bb 02 00 00 0b 00 ed 01 5f 72 65 6c 73 2f 2e 72 65 6c 73 20 a2 e9 01 28 a0 00 02 00,406205
File086,42 53 44 20 5a 65 72 6f 20 43 6c 61 75 73 65 20 4c 69 63 65 6e 73 65 0d 0a 0d 0a 43 6f 70 79 72 69 67 68 74 20 28 63 29 20 5b 79 65 61 72 5d 20 5b 66,677
File087,50 4b 03 04 14 00 06 00 08 00 00 00 21 00 8f bf f1 36 23 04 00 00 c5 4e 00 00 13 00 08 02 5b 43 6f 6e 74 65 6e 74 5f 54 79 70 65 73 5d 2e 78 6d 6c 20,288249
File088,40 65 63 68 6f 20 6f 66 66 0d 0a 66 6f 72 20 2f 6c 20 25 25 69 20 69 6e 20 28 31 2c 31 2c 33 32 29 20 64 6f 20 28 0d 0a 20 20 20 20 73 65 74 20 2f 61,100
File089,ff d8 ff e0 00 10 4a 46 49 46 00 01 01 00 00 01 00 01 00 00 ff db 00 43 00 08 06 06 07 06 05 08 07 07 07 09 09 08 0a 0c 14 0d 0c 0b 0b 0c 19 12 13 0f,180248
File090,ff d8 ff e0 00 10 4a 46 49 46 00 01 01 00 00 01 00 01 00 00 ff db 00 43 00 08 06 06 07 06 05 08 07 07 07 09 09 08 0a 0c 14 0d 0c 0b 0b 0c 19 12 13 0f,169745
File091,20 20 20 20 20 20 20 20 20 20 20 20 44 4f 20 57 48 41 54 20 54 48 45 20 46 55 43 4b 20 59 4f 55 20 57 41 4e 54 20 54 4f 20 50 55 42 4c 49 43 20 4c 49,494
File092,4d 5a 90 00 03 00 00 00 04 00 00 00 ff ff 00 00 b8 00 00 00 00 00 00 00 40 00 00 00 00 00 00 00 00 00 00 00 00 00 00 00 00 00 00 00 00 00 00 00 00 00,412847
File093,50 4b 03 04 14 00 06 00 08 00 00 00 21 00 9d 7c 73 2a e3 01 00 00 b5 0c 00 00 13 00 08 02 5b 43 6f 6e 74 65 6e 74 5f 54 79 70 65 73 5d 2e 78 6d 6c 20,3038333
File094,50 4b 03 04 14 00 06 00 08 00 00 00 21 00 81 71 7d 3c f8 01 00 00 ba 0c 00 00 13 00 cd 01 5b 43 6f 6e 74 65 6e 74 5f 54 79 70 65 73 5d 2e 78 6d 6c 20,62950
File095,4d 5a 90 00 03 00 00 00 04 00 00 00 ff ff 00 00 b8 00 00 00 00 00 00 00 40 00 00 00 00 00 00 00 00 00 00 00 00 00 00 00 00 00 00 00 00 00 00 00 00 00,259805
File096,50 4b 03 04 14 00 06 00 08 00 00 00 21 00 d5 71 95 3e e1 01 00 00 7a 09 00 00 13 00 08 02 5b 43 6f 6e 74 65 6e 74 5f 54 79 70 65 73 5d 2e 78 6d 6c 20,187180
File097,ff d9 ff e0 00 10 4a 46 49 46 00 01 01 00 00 01 00 01 00 00 ff db 00 43 00 08 06 06 07 06 05 08 07 07 07 09 09 08 0a 0c 14 0d 0c 0b 0b 0c 19 12 13 0f,132678
File098,89 50 4e 47 0d 0a 1a 0a 00 00 00 0d 49 48 44 52 00 00 03 88 00 00 04 ec 08 06 00 00 00 c2 72 ac 0c 00 01 00 00 49 44 41 54 78 9c ec fd 69 ac 6d db 75,1684054
File099,0a 22 31 2e 20 49 6e 73 74 61 6c 6c 20 61 6e 64 20 63 6f 6e 66 69 67 75 72 65 20 74 68 65 20 6e 65 63 65 73 73 61 72 79 20 64 65 70 65 6e 64 65 6e 63,352
File100,50 4b 03 04 14 00 06 00 08 00 00 00 21 00 1e 27 60 70 88 01 00 00 ae 05 00 00 13 00 08 02 5b 43 6f 6e 74 65 6e 74 5f 54 79 70 65 73 5d 2e 78 6d 6c 20,27963
File101,4d 5a 90 00 03 00 00 00 04 00 00 00 ff ff 00 00 b8 00 00 00 00 00 00 00 40 00 00 00 00 00 00 00 00 00 00 00 00 00 00 00 00 00 00 00 00 00 00 00 00 00,12816
File102,52 49 46 46 57 41 56 45 2d 31 2e 36 0d 25 e2 e3 cf d3 0d 0a 35 39 20 30 20 6f 62 6a 20 3c 3c 2f 4c 69 6e 65 61 72 69 7a 65 64 20 31 2f 4c 20 31 39 36,196042
File103,25 50 44 46 2d 31 2e 34 0a 25 f6 e4 fc df 0a 31 20 30 20 6f 62 6a 0a 3c 3c 0a 2f 54 79 70 65 20 2f 43 61 74 61 6c 6f 67 0a 2f 56 65 72 73 69 6f 6e 20,7474390
File104,50 4b 03 04 14 00 06 00 08 00 00 00 21 00 2b 54 51 0e d9 02 00 00 a6 24 00 00 13 00 ba 01 5b 43 6f 6e 74 65 6e 74 5f 54 79 70 65 73 5d 2e 78 6d 6c 20,1286316
File105,89 50 4e 47 0d 0a 1a 0a 00 00 00 0d 49 48 44 52 00 00 03 88 00 00 04 ec 08 06 00 00 00 c2 72 ac 0c 00 01 00 00 49 44 41 54 78 9c ec fd f9 93 24 5b 76,1426547
File106,45 00 63 00 6c 00 69 00 70 00 73 00 65 00 20 00 50 00 75 00 62 00 6c 00 69 00 63 00 20 00 4c 00 69 00 63 00 65 00 6e 00 73 00 65 00 20 00 2d 00 20 00,28944
File107,ff d8 ff e0 00 10 4a 46 49 46 00 01 01 00 00 01 00 01 00 00 ff db 00 43 00 08 06 06 07 06 05 08 07 07 07 09 09 08 0a 0c 14 0d 0c 0b 0b 0c 19 12 13 0f,142129
File108,89 50 4e 47 0d 0a 1a 0a 00 00 00 0d 49 48 44 52 00 00 03 88 00 00 04 ec 08 06 00 00 00 c2 72 ac 0c 00 01 00 00 49 44 41 54 78 9c ec fd e9 b2 2c 49 92,1544836
File109,52 49 46 46 57 41 56 45 2d 31 2e 33 0a 25 e2 e3 cf d3 0a 31 20 30 20 6f 62 6a 0a 3c 3c 0a 2f 54 79 70 65 20 2f 50 61 67 65 73 0a 2f 43 6f 75 6e 74 20,556987
File110,4d 69 63 72 6f 73 6f 66 74 20 50 75 62 6c 69 63 20 4c 69 63 65 6e 73 65 20 28 4d 73 2d 50 4c 29 0d 0a 0d 0a 54 68 69 73 20 6c 69 63 65 6e 73 65 20 67,2828
File111,50 4b 03 04 14 00 06 00 08 00 00 00 21 00 45 8c 02 3a bc 01 00 00 64 08 00 00 13 00 dc 01 5b 43 6f 6e 74 65 6e 74 5f 54 79 70 65 73 5d 2e 78 6d 6c 20,146438
File112,40 65 63 68 6f 20 6f 66 66 0d 0a 65 63 68 6f 20 52 61 6e 64 6f 6d 20 53 74 72 69 6e 67 3a 20 25 72 61 6e 64 6f 6d 25 0d 0a,41
File113,ff d8 ff e0 00 10 4a 46 49 46 00 01 01 00 00 01 00 01 00 00 ff db 00 43 00 08 06 06 07 06 05 08 07 07 07 09 09 08 0a 0c 14 0d 0c 0b 0b 0c 19 12 13 0f,160547
File114,25 50 44 46 2d 31 2e 33 0a 25 e2 e3 cf d3 0a 31 20 30 20 6f 62 6a 0a 3c 3c 0a 2f 54 79 70 65 20 2f 50 61 67 65 73 0a 2f 43 6f 75 6e 74 20 32 30 0a 2f,527117
File115,4d 5a 90 00 03 00 00 00 04 00 00 00 ff ff 00 00 b8 00 00 00 00 00 00 00 40 00 00 00 00 00 00 00 00 00 00 00 00 00 00 00 00 00 00 00 00 00 00 00 00 00,1063014
File116,50 4b 03 04 14 00 06 00 08 00 00 00 21 00 74 76 54 0c d0 01 00 00 6c 0b 00 00 13 00 08 02 5b 43 6f 6e 74 65 6e 74 5f 54 79 70 65 73 5d 2e 78 6d 6c 20,694240
File117,50 4b 03 04 14 00 06 00 08 00 00 00 21 00 9c bd 3c e3 ce 01 00 00 c4 0b 00 00 13 00 08 02 5b 43 6f 6e 74 65 6e 74 5f 54 79 70 65 73 5d 2e 78 6d 6c 20,64531
File118,4d 5a 90 00 03 00 00 00 04 00 00 00 ff ff 00 00 b8 00 00 00 00 00 00 00 40 00 00 00 00 00 00 00 00 00 00 00 00 00 00 00 00 00 00 00 00 00 00 00 00 00,1080656
File119,ef bb bf 3c 23 0a 2e 53 59 4e 4f 50 53 49 53 0a 09 49 6e 73 74 61 6c 6c 73 20 54 77 69 74 74 65 72 0a 2e 44 45 53 43 52 49 50 54 49 4f 4e 0a 09 54 68,555
File120,ef bb bf 3c 23 0a 2e 53 59 4e 4f 50 53 49 53 0a 09 49 6e 73 74 61 6c 6c 73 20 54 68 75 6e 64 65 72 62 69 72 64 0a 2e 44 45 53 43 52 49 50 54 49 4f 4e,572
File121,50 4b 03 04 14 00 06 00 08 00 00 00 21 00 9f 04 c7 c5 38 02 00 00 54 10 00 00 13 00 c2 01 5b 43 6f 6e 74 65 6e 74 5f 54 79 70 65 73 5d 2e 78 6d 6c 20,345850
File122,50 4b 03 04 14 00 08 08 08 00 48 a5 75 59 00 00 00 00 00 00 00 00 00 00 00 00 12 00 00 00 77 6f 72 64 2f 6e 75 6d 62 65 72 69 6e 67 2e 78 6d 6c ed 9b,572074
File123,25 50 44 46 2d 31 2e 35 0d 0a 25 b5 b5 b5 b5 0d 0a 31 20 30 20 6f 62 6a 0d 0a 3c 3c 2f 54 79 70 65 2f 43 61 74 61 6c 6f 67 2f 50 61 67 65 73 20 32 20,521414
File124,ff d8 ff e0 00 10 4a 46 49 46 00 01 01 00 00 01 00 01 00 00 ff db 00 43 00 08 06 06 07 06 05 08 07 07 07 09 09 08 0a 0c 14 0d 0c 0b 0b 0c 19 12 13 0f,173180
File125,89 50 4e 47 0d 0a 1a 0a 00 00 00 0d 49 48 44 52 00 00 03 88 00 00 04 ec 08 06 00 00 00 c2 72 ac 0c 00 01 00 00 49 44 41 54 78 9c ec fd 67 b4 65 c9 75,1591997
File126,89 50 4e 47 0d 0a 1a 0a 00 00 00 0d 49 48 44 52 00 00 03 88 00 00 04 ec 08 06 00 00 00 c2 72 ac 0c 00 01 00 00 49 44 41 54 78 9c ec fd 77 b0 25 c9 79,1502871
File127,ff d8 ff e0 00 10 4a 46 49 46 00 01 01 00 00 01 00 01 00 00 ff db 00 43 00 08 06 06 07 06 05 08 07 07 07 09 09 08 0a 0c 14 0d 0c 0b 0b 0c 19 12 13 0f,154510
File128,40 65 63 68 6f 20 6f 66 66 0d 0a 73 65 74 20 2f 61 20 63 6f 64 65 3d 25 72 61 6e 64 6f 6d 25 20 25 25 20 32 35 35 0d 0a 65 63 68 6f 20 45 78 69 74 69,87
File129,25 50 44 46 2d 31 2e 33 0a 25 e2 e3 cf d3 0a 31 20 30 20 6f 62 6a 0a 3c 3c 0a 2f 54 79 70 65 20 2f 50 61 67 65 73 0a 2f 43 6f 75 6e 74 20 31 39 0a 2f,217395
File130,50 4b 03 04 14 00 06 00 08 00 00 00 21 00 3d 57 87 34 c6 01 00 00 bf 08 00 00 13 00 08 02 5b 43 6f 6e 74 65 6e 74 5f 54 79 70 65 73 5d 2e 78 6d 6c 20,100153
File131,50 4b 03 04 14 00 06 00 08 00 00 00 21 00 a6 74 04 52 85 01 00 00 ac 07 00 00 13 00 08 02 5b 43 6f 6e 74 65 6e 74 5f 54 79 70 65 73 5d 2e 78 6d 6c 20,26769
File132,25 50 44 46 2d 31 2e 36 0d 25 e2 e3 cf d3 0d 0a 34 33 31 20 30 20 6f 62 6a 0d 3c 3c 2f 4c 69 6e 65 61 72 69 7a 65 64 20 31 2f 4c 20 35 38 38 31 35 32,588152
File133,ff d8 ff e0 00 10 4a 46 49 46 00 01 01 00 00 01 00 01 00 00 ff db 00 43 00 08 06 06 07 06 05 08 07 07 07 09 09 08 0a 0c 14 0d 0c 0b 0b 0c 19 12 13 0f,159149
File134,50 4b 03 04 14 00 06 00 08 00 00 00 21 00 3d 57 87 34 c6 01 00 00 bf 08 00 00 13 00 08 02 5b 43 6f 6e 74 65 6e 74 5f 54 79 70 65 73 5d 2e 78 6d 6c 20,744699
File135,25 50 44 46 2d 31 2e 37 0d 25 e2 e3 cf d3 0d 0a 31 20 30 20 6f 62 6a 0a 3c 3c 2f 41 63 72 6f 46 6f 72 6d 20 35 20 30 20 52 2f 4c 61 6e 67 28 65 6e 29,5765224
File136,00 00 00 0d 49 48 44 52 00 00 03 88 00 00 04 ec 08 06 00 00 00 c2 72 ac 0c 00 01 00 00 49 44 41 54 78 9c ec fd 5b b3 24 49 92 1e 88 7d aa 66 ee 1e 71,1809714
File137,42 6f 6f 73 74 20 53 6f 66 74 77 61 72 65 20 4c 69 63 65 6e 73 65 20 2d 20 56 65 72 73 69 6f 6e 20 31 2e 30 20 2d 20 41 75 67 75 73 74 20 31 37 74 68,1359
File138,25 50 44 46 2d 31 2e 37 0a 25 e2 e3 cf d3 0a 31 20 30 20 6f 62 6a 0a 3c 3c 2f 43 6f 6c 6f 72 53 70 61 63 65 2f 44 65 76 69 63 65 47 72 61 79 2f 53 75,663177
File139,40 65 63 68 6f 20 6f 66 66 0d 0a 73 65 74 20 73 65 6e 74 65 6e 63 65 73 3d 48 65 6c 6c 6f 7c 48 6f 77 20 61 72 65 20 79 6f 75 3f 7c 4e 69 63 65 20 77,168
File140,ff d8 ff e0 00 10 4a 46 49 46 00 01 01 00 00 01 00 01 00 00 ff db 00 43 00 08 06 06 07 06 05 08 07 07 07 09 09 08 0a 0c 14 0d 0c 0b 0b 0c 19 12 13 0f,157962
File141,4d 5a 90 00 03 00 00 00 04 00 00 00 ff ff 00 00 b8 00 00 00 00 00 00 00 40 00 00 00 00 00 00 00 00 00 00 00 00 00 00 00 00 00 00 00 00 00 00 00 00 00,472874
File142,50 4b 03 04 0a 00 00 00 08 00 00 00 21 00 03 e4 7b fe c7 03 00 00 91 13 00 00 14 00 00 00 70 70 74 2f 70 72 65 73 65 6e 74 61 74 69 6f 6e 2e 78 6d 6c,2693126
File143,ff d8 ff 00 00 00 0d 49 48 44 52 00 00 03 88 00 00 04 ec 08 06 00 00 00 c2 72 ac 0c 00 01 00 00 49 44 41 54 78 9c ec fd 59 93 24 49 92 26 88 7d cc 22,1635658
File144,50 4b 03 04 0a 00 00 00 00 00 00 00 21 00 ff ff ff ff 1c 02 00 00 1c 02 00 00 10 00 00 00 5b 74 72 61 73 68 5d 2f 30 30 30 30 2e 64 61 74 ff ff ff ff,2490902
File145,50 4b 03 04 14 00 06 00 08 00 00 00 21 00 ff bf 18 7a 2e 02 00 00 57 0d 00 00 13 00 c2 01 5b 43 6f 6e 74 65 6e 74 5f 54 79 70 65 73 5d 2e 78 6d 6c 20,82840
File146,4d 5a 90 00 03 00 00 00 04 00 00 00 ff ff 00 00 b8 00 00 00 00 00 00 00 40 00 00 00 00 00 00 00 00 00 00 00 00 00 00 00 00 00 00 00 00 00 00 00 00 00,3072
File147,40 65 63 68 6f 20 6f 66 66 0d 0a 73 65 74 20 6d 65 73 73 61 67 65 3d 4c 6f 61 64 69 6e 67 20 72 61 6e 64 6f 6d 20 74 65 78 74 2e 2e 2e 0d 0a 66 6f 72,156
File148,ff fb 90 00 03 00 00 00 04 00 00 00 ff ff 00 00 b8 00 00 00 00 00 00 00 40 00 00 00 00 00 00 00 00 00 00 00 00 00 00 00 00 00 00 00 00 00 00 00 00 00,315392
File149,50 4b 03 04 14 00 08 08 08 00 ce 13 76 59 00 00 00 00 00 00 00 00 00 00 00 00 10 00 00 00 77 6f 72 64 2f 66 6f 6f 74 65 72 31 2e 78 6d 6c ed 57 ff 6e,27228
File150,50 4b 03 04 0a 00 00 00 00 00 00 00 21 00 ff ff ff ff 20 02 00 00 20 02 00 00 10 00 00 00 5b 74 72 61 73 68 5d 2f 30 30 30 30 2e 64 61 74 ff ff ff ff,955283
File151,50 4b 03 04 14 00 06 00 08 00 00 00 21 00 b7 bb c7 dc a4 02 00 00 00 25 00 00 13 00 08 02 5b 43 6f 6e 74 65 6e 74 5f 54 79 70 65 73 5d 2e 78 6d 6c 20,4723372
File152,ff d8 ff e0 00 10 4a 46 49 46 00 01 01 00 00 01 00 01 00 00 ff db 00 43 00 08 06 06 07 06 05 08 07 07 07 09 09 08 0a 0c 14 0d 0c 0b 0b 0c 19 12 13 0f,151135
File153,50 4b 03 04 14 00 08 08 08 00 ba bb 75 55 00 00 00 00 00 00 00 00 00 00 00 00 10 00 00 00 78 6c 2f 63 6f 6d 6d 65 6e 74 73 31 2e 78 6d 6c 8d 53 cb 6e,40590
File154,45 00 64 00 75 00 63 00 61 00 74 00 69 00 6f 00 6e 00 61 00 6c 00 20 00 43 00 6f 00 6d 00 6d 00 75 00 6e 00 69 00 74 00 79 00 20 00 4c 00 69 00 63 00,22534
File155,4d 5a 50 00 02 00 00 00 04 00 0f 00 ff ff 00 00 b8 00 00 00 00 00 00 00 40 00 1a 00 00 00 00 00 00 00 00 00 00 00 00 00 00 00 00 00 00 00 00 00 00 00,301568
File156,25 50 44 46 2d 31 2e 37 0a 25 f6 e4 fc df 0a 31 20 30 20 6f 62 6a 0a 3c 3c 0a 2f 54 79 70 65 20 2f 43 61 74 61 6c 6f 67 0a 2f 50 61 67 65 73 20 32 20,347444
File157,41 63 61 64 65 6d 69 63 20 46 72 65 65 20 4c 69 63 65 6e 73 65 20 28 22 41 46 4c 22 29 20 76 2e 20 33 2e 30 0d 0a 0d 0a 54 68 69 73 20 41 63 61 64 65,10483
File158,ef bb bf 3c 23 0a 2e 53 59 4e 4f 50 53 49 53 0a 09 49 6e 73 74 61 6c 6c 73 20 53 70 6f 74 69 66 79 0a 2e 44 45 53 43 52 49 50 54 49 4f 4e 0a 09 54 68,631
File159,4d 5a 8b 00 03 00 00 00 20 00 00 00 ff ff 07 00 00 01 65 40 00 00 00 00 40 00 00 00 01 00 00 00 00 00 00 00 00 00 00 00 00 00 00 00 00 00 00 00 00 00,317088
File160,4d 5a 90 00 03 00 00 00 04 00 00 00 ff ff 00 00 b8 00 00 00 00 00 00 00 40 00 00 00 00 00 00 00 00 00 00 00 00 00 00 00 00 00 00 00 00 00 00 00 00 00,4096
File161,50 4b 03 04 14 00 06 00 08 00 00 00 21 00 b5 cf 3e 7b 02 01 00 00 bb 02 00 00 0b 00 08 02 5f 72 65 6c 73 2f 2e 72 65 6c 73 20 a2 04 02 28 a0 00 02 00,50971
File162,50 4b 03 04 14 00 06 00 08 00 00 00 21 00 a4 04 cf e9 71 01 00 00 98 05 00 00 13 00 08 02 5b 43 6f 6e 74 65 6e 74 5f 54 79 70 65 73 5d 2e 78 6d 6c 20,28514
File163,ff d8 ff e0 00 10 4a 46 49 46 00 01 01 00 00 01 00 01 00 00 ff db 00 43 00 08 06 06 07 06 05 08 07 07 07 09 09 08 0a 0c 14 0d 0c 0b 0b 0c 19 12 13 0f,174733
File164,4d 5a 90 00 03 00 00 00 04 00 00 00 ff ff 00 00 b8 00 00 00 00 00 00 00 40 00 00 00 00 00 00 00 00 00 00 00 00 00 00 00 00 00 00 00 00 00 00 00 00 00,12440
File165,ef bb bf 3c 23 0d 0a 2e 53 59 4e 4f 50 53 49 53 0d 0a 20 20 20 20 20 20 20 20 49 6e 73 74 61 6c 6c 73 20 43 68 6f 63 6f 6c 61 74 65 79 20 28 6e 65 65,696
File166,4d 5a 90 00 03 00 00 00 04 00 00 00 ff ff 00 00 b8 00 00 00 00 00 00 00 40 00 00 00 00 00 00 00 00 00 00 00 00 00 00 00 00 00 00 00 00 00 00 00 00 00,3072
File167,54 68 69 73 20 69 73 20 66 72 65 65 20 61 6e 64 20 75 6e 65 6e 63 75 6d 62 65 72 65 64 20 73 6f 66 74 77 61 72 65 20 72 65 6c 65 61 73 65 64 20 69 6e,1233
File168,20 20 20 20 20 20 20 20 20 20 20 20 20 20 20 20 20 20 20 47 4e 55 20 4c 45 53 53 45 52 20 47 45 4e 45 52 41 4c 20 50 55 42 4c 49 43 20 4c 49 43 45 4e,7815
File169,ef bb bf 3c 23 0a 2e 53 59 4e 4f 50 53 49 53 0a 09 50 72 69 6e 74 73 20 74 68 65 20 53 48 41 35 31 32 20 68 61 73 68 20 6f 66 20 61 20 66 69 6c 65 0a,781
File170,50 4b 03 04 14 00 06 00 08 00 00 00 21 00 c3 aa 5d 0e 8d 02 00 00 58 1d 00 00 13 00 08 02 5b 43 6f 6e 74 65 6e 74 5f 54 79 70 65 73 5d 2e 78 6d 6c 20,6138710
File171,50 4b 03 04 14 00 06 00 08 00 00 00 21 00 33 a5 4b 35 8a 01 00 00 99 05 00 00 13 00 08 02 5b 43 6f 6e 74 65 6e 74 5f 54 79 70 65 73 5d 2e 78 6d 6c 20,1011368
File172,4d 6f 7a 69 6c 6c 61 20 50 75 62 6c 69 63 20 4c 69 63 65 6e 73 65 20 56 65 72 73 69 6f 6e 20 32 2e 30 0d 0a 3d 3d 3d 3d 3d 3d 3d 3d 3d 3d 3d 3d 3d 3d,17097
File173,4d 5a 90 00 03 00 00 00 04 00 00 00 ff ff 00 00 b8 00 00 00 00 00 00 00 40 00 00 00 00 00 00 00 00 00 00 00 00 00 00 00 00 00 00 00 00 00 00 00 00 00,19232
File174,40 65 63 68 6f 20 6f 66 66 0d 0a 73 65 74 20 2f 61 20 61 3d 25 72 61 6e 64 6f 6d 25 20 25 25 20 31 30 30 0d 0a 73 65 74 20 2f 61 20 62 3d 25 72 61 6e,113
File175,ef bb bf 3c 23 0a 2e 53 59 4e 4f 50 53 49 53 0a 09 49 6e 73 74 61 6c 6c 73 20 56 4c 43 0a 2e 44 45 53 43 52 49 50 54 49 4f 4e 0a 09 54 68 69 73 20 50,829
File176,4d 5a 90 00 03 00 00 00 04 00 00 00 ff ff 00 00 b8 00 00 00 00 00 00 00 40 00 00 00 00 00 00 00 00 00 00 00 00 00 00 00 00 00 00 00 00 00 00 00 00 00,3072
File177,4d 5a 90 00 03 00 00 00 04 00 00 00 ff ff 00 00 b8 00 00 00 00 00 00 00 40 00 00 00 00 00 00 00 00 00 00 00 00 00 00 00 00 00 00 00 00 00 00 00 00 00,12064
File178,ef bb bf 3c 23 0a 2e 53 59 4e 4f 50 53 49 53 0a 09 49 6e 73 74 61 6c 6c 73 20 4e 65 74 66 6c 69 78 0a 2e 44 45 53 43 52 49 50 54 49 4f 4e 0a 09 54 68,608
File179,09 09 20 20 20 20 20 20 20 54 68 65 20 41 72 74 69 73 74 69 63 20 4c 69 63 65 6e 73 65 20 32 2e 30 0d 0a 0d 0a 09 20 20 20 20 43 6f 70 79 72 69 67 68,9093
File180,4d 5a 90 00 03 00 00 00 04 00 00 00 ff ff 00 00 b8 00 00 00 00 00 00 00 40 00 00 00 00 00 00 00 00 00 00 00 00 00 00 00 00 00 00 00 00 00 00 00 00 00,2071847
File181,50 4b 03 04 14 00 00 08 08 00 42 3d 3c 5a 47 92 44 b2 5a 01 00 00 f0 04 00 00 13 00 04 00 5b 43 6f 6e 74 65 6e 74 5f 54 79 70 65 73 5d 2e 78 6d 6c 53,9567
File182,25 50 44 46 2d 31 2e 34 0d 25 e2 e3 cf d3 0d 0a 31 32 31 33 20 30 20 6f 62 6a 0d 3c 3c 2f 4c 69 6e 65 61 72 69 7a 65 64 20 31 2f 4c 20 34 39 30 38 36,490858
File183,50 4b 03 04 14 00 06 00 08 00 00 00 21 00 1c ad b2 d2 fa 01 00 00 6d 0b 00 00 13 00 08 02 5b 43 6f 6e 74 65 6e 74 5f 54 79 70 65 73 5d 2e 78 6d 6c 20,34148
File184,89 50 4e 47 0d 0a 1a 0a 00 00 00 0d 49 48 44 52 00 00 03 88 00 00 04 ec 08 06 00 00 00 c2 72 ac 0c 00 01 00 00 49 44 41 54 78 9c ec fd f9 8f 24 5b 96,1660287
File185,50 4b 03 04 14 00 06 00 08 00 00 00 21 00 96 34 82 68 62 02 00 00 28 18 00 00 13 00 c5 01 5b 43 6f 6e 74 65 6e 74 5f 54 79 70 65 73 5d 2e 78 6d 6c 20,870117
File186,4d 00 49 00 54 00 20 00 4c 00 69 00 63 00 65 00 6e 00 73 00 65 00 0d 00 0a 00 0d 00 0a 00 43 00 6f 00 70 00 79 00 72 00 69 00 67 00 68 00 74 00 20 00,2176
File187,50 4b 03 04 14 00 06 00 08 00 00 00 21 00 b5 f6 d3 96 8d 01 00 00 21 07 00 00 13 00 08 02 5b 43 6f 6e 74 65 6e 74 5f 54 79 70 65 73 5d 2e 78 6d 6c 20,23570
File188,4f 70 65 6e 20 53 6f 66 74 77 61 72 65 20 4c 69 63 65 6e 73 65 20 28 22 4f 53 4c 22 29 20 76 2e 20 33 2e 30 0d 0a 0d 0a 54 68 69 73 20 4f 70 65 6e 20,10470
File189,50 4b 03 04 14 00 06 00 08 00 00 00 21 00 88 5e 62 0b ca 01 00 00 22 0a 00 00 13 00 08 02 5b 43 6f 6e 74 65 6e 74 5f 54 79 70 65 73 5d 2e 78 6d 6c 20,95254
File190,89 50 4e 47 0d 0a 1a 0a 00 00 00 0d 49 48 44 52 00 00 03 88 00 00 04 ec 08 06 00 00 00 c2 72 ac 0c 00 01 00 00 49 44 41 54 78 9c ec fd e9 b3 6d c7 75,1799942
File191,50 4b 03 04 14 00 06 00 08 00 00 00 21 00 58 79 36 07 df 01 00 00 23 0a 00 00 13 00 08 02 5b 43 6f 6e 74 65 6e 74 5f 54 79 70 65 73 5d 2e 78 6d 6c 20,148835
File192,90 00 03 00 00 00 04 00 00 00 ff ff 00 00 b8 00 00 00 00 00 00 00 40 00 00 00 00 00 00 00 00 00 00 00 00 00 00 00 00 00 00 00 00 00 00 00 00 00 00 00,319563
File193,50 4b 03 04 0a 00 00 00 00 00 00 00 21 00 ff ff ff ff 0c 02 00 00 0c 02 00 00 10 00 00 00 5b 74 72 61 73 68 5d 2f 30 30 30 30 2e 64 61 74 ff ff ff ff,466915
File194,50 4b 03 04 14 00 06 00 08 00 00 00 21 00 3e 11 88 ca 60 02 00 00 47 19 00 00 13 00 08 02 5b 43 6f 6e 74 65 6e 74 5f 54 79 70 65 73 5d 2e 78 6d 6c 20,1641870
File195,43 44 30 30 14 00 06 00 08 00 00 00 21 00 71 4b 4e 12 05 02 00 00 ec 0c 00 00 13 00 cd 01 5b 43 6f 6e 74 65 6e 74 5f 54 79 70 65 73 5d 2e 78 6d 6c 20,87316
File196,50 4b 03 04 14 00 06 00 08 00 00 00 21 00 62 ee 9d 68 5e 01 00 00 90 04 00 00 13 00 08 02 5b 43 6f 6e 74 65 6e 74 5f 54 79 70 65 73 5d 2e 78 6d 6c 20,1379663
File197,50 4b 03 04 14 00 08 08 08 00 d2 41 75 59 00 00 00 00 00 00 00 00 00 00 00 00 10 00 00 00 77 6f 72 64 2f 68 65 61 64 65 72 31 2e 78 6d 6c a5 95 db 8e,2454899
File198,50 4b 03 04 14 00 06 00 08 00 00 00 21 00 99 55 7e 05 f9 00 00 00 e1 02 00 00 0b 00 f3 01 5f 72 65 6c 73 2f 2e 72 65 6c 73 20 a2 ef 01 28 a0 00 02 00,10412619
File199,25 50 44 46 2d 31 2e 37 0d 0a 25 b5 b5 b5 b5 0d 0a 31 20 30 20 6f 62 6a 0d 0a 3c 3c 2f 54 79 70 65 2f 43 61 74 61 6c 6f 67 2f 50 61 67 65 73 20 32 20,266057
File200,4d 5a 00 00 00 0d 49 48 44 52 00 00 03 88 00 00 04 ec 08 06 00 00 00 c2 72 ac 0c 00 01 00 00 49 44 41 54 78 9c ec fd 59 b3 64 49 92 1e 88 7d aa 6a 76,1543898
File201,4d 5a 90 00 03 00 00 00 04 00 00 00 ff ff 00 00 b8 00 00 00 00 00 00 00 40 00 00 00 00 00 00 00 00 00 00 00 00 00 00 00 00 00 00 00 00 00 00 00 00 00,867014
File202,42 00 02 00 00 00 20 00 00 00 ff ff 05 00 00 01 00 00 00 00 00 00 40 00 00 00 01 00 fb 71 6a 72 00 00 00 00 00 00 00 00 00 00 00 00 00 00 00 00 00 00,1204734
File203,ef bb bf 3c 23 0a 2e 53 59 4e 4f 50 53 49 53 0a 09 50 72 69 6e 74 73 20 74 68 65 20 53 48 41 32 35 36 20 68 61 73 68 20 6f 66 20 61 20 66 69 6c 65 0a,781
File204,ef bb bf 3c 23 0a 2e 53 59 4e 4f 50 53 49 53 0a 09 49 6e 73 74 61 6c 6c 73 20 4f 42 53 20 53 74 75 64 69 6f 20 28 6e 65 65 64 73 20 61 64 6d 69 6e 20,681
File205,ff d8 ff e0 00 10 4a 46 49 46 00 01 01 00 00 01 00 01 00 00 ff db 00 43 00 08 06 06 07 06 05 08 07 07 07 09 09 08 0a 0c 14 0d 0c 0b 0b 0c 19 12 13 0f,169050
File206,50 4b 03 04 14 00 06 00 08 00 00 00 21 00 24 ec 50 bf 82 01 00 00 24 07 00 00 13 00 08 02 5b 43 6f 6e 74 65 6e 74 5f 54 79 70 65 73 5d 2e 78 6d 6c 20,209333
File207,4d 5a 90 00 03 00 00 00 04 00 00 00 ff ff 00 00 b8 00 00 00 00 00 00 00 40 00 00 00 00 00 00 00 00 00 00 00 00 00 00 00 00 00 00 00 00 00 00 00 00 00,726251
File208,50 4b 03 04 14 00 06 00 08 00 00 00 21 00 e4 a7 b0 6f eb 01 00 00 35 0d 00 00 13 00 08 02 5b 43 6f 6e 74 65 6e 74 5f 54 79 70 65 73 5d 2e 78 6d 6c 20,3060289
File209,25 50 44 46 2d 31 2e 33 0a 25 e2 e3 cf d3 0a 31 20 30 20 6f 62 6a 0a 3c 3c 0a 2f 54 79 70 65 20 2f 50 61 67 65 73 0a 2f 43 6f 75 6e 74 20 31 34 0a 2f,202653
File210,50 4b 03 04 0a 00 00 00 08 00 00 00 21 00 fc 1f ed 11 25 02 00 00 43 05 00 00 10 00 00 00 64 6f 63 50 72 6f 70 73 2f 61 70 70 2e 78 6d 6c 9c 54 df 6f,184563
File211,50 4b 03 04 14 00 06 00 08 00 00 00 21 00 3b f4 79 e3 2e 03 00 00 b8 10 00 00 14 00 00 00 78 6c 2f 70 72 65 73 65 6e 74 61 74 69 6f 6e 2e 78 6d 6c ec,458026
File212,40 65 63 68 6f 20 6f 66 66 0d 0a 73 65 74 20 61 64 76 69 63 65 3d 53 74 61 79 20 70 6f 73 69 74 69 76 65 2e 7c 54 61 6b 65 20 62 72 65 61 6b 73 2e 7c,182
File213,4d 5a 90 00 03 00 00 00 04 00 00 00 ff ff 00 00 b8 00 00 00 00 00 00 00 40 00 00 00 00 00 00 00 00 00 00 00 00 00 00 00 00 00 00 00 00 00 00 00 00 00,66043
File214,ff d8 ff e0 00 10 4a 46 49 46 00 01 01 00 00 01 00 01 00 00 ff db 00 43 00 08 06 06 07 06 05 08 07 07 07 09 09 08 0a 0c 14 0d 0c 0b 0b 0c 19 12 13 0f,166868
File215,ef bb bf 3c 23 0a 2e 53 59 4e 4f 50 53 49 53 0a 09 49 6e 73 74 61 6c 6c 73 20 56 69 73 75 61 6c 20 53 74 75 64 69 6f 20 43 6f 64 65 0a 2e 44 45 53 43,643
File216,ef bb bf 3c 23 0a 2e 53 59 4e 4f 50 53 49 53 0a 09 49 6e 73 74 61 6c 6c 73 20 47 69 74 20 45 78 74 65 6e 73 69 6f 6e 73 0a 2e 44 45 53 43 52 49 50 54,628
File217,20 20 20 20 20 20 20 20 20 20 20 20 20 20 20 20 20 20 20 20 20 20 45 55 52 4f 50 45 41 4e 20 55 4e 49 4f 4e 20 50 55 42 4c 49 43 20 4c 49 43 45 4e 43,14118
File218,89 50 4e 47 0d 0a 1a 0a 00 00 00 0d 49 48 44 52 00 00 03 88 00 00 04 ec 08 06 00 00 00 c2 72 ac 0c 00 01 00 00 49 44 41 54 78 9c ec fd 69 b0 6d c9 75,1394042
File219,ff d8 ff e0 00 10 45 58 49 46 00 01 01 00 00 01 00 01 00 00 ff db 00 43 00 08 06 06 07 06 05 08 07 07 07 09 09 08 0a 0c 14 0d 0c 0b 0b 0c 19 12 13 0f,127189
File220,40 65 63 68 6f 20 6f 66 66 0d 0a 73 65 74 20 77 6f 72 64 3d 68 65 6c 6c 6f 0d 0a 73 65 74 20 73 63 72 61 6d 62 6c 65 64 3d 0d 0a 66 6f 72 20 2f 6c 20,191
